Código,Título,Tipo de Documento,NrProLicitatório,DataHoraDOM,cod_registro_info_sfinge,Município,Entidade,CategoriaDOM,Modalidade,Formato,NrModalidade,Objeto,Data Abertura Normalizada,Informacoes,Signatário,Cargo do Signatário
6320072,PROCESSO ADMINISTRTIVO 248/2024,Homologação,248/2024,2024-08-15 16:10:00,A5BBAA77FB6B4921B634BD6033504887BC00DEFB,Arvoredo,Prefeitura Municipal de Arvoredo,Licitações,Dispensa de Licitação,Presencial,203/2024,CABO FLAT E CILINDRO,NULL,NULL,NEURI MENEGUZZI,Prefeito
4269056,"AVISO DE LICITAÇÃO PL 145.2022, TP 19.2022",Aviso de Licitação,145/2022,2022-10-24 09:15:55,884004EE904BE5E3E09814A2DB1D2F9606F17129,Princesa,Prefeitura municipal de Princesa,Licitações,Tomada de Preços,NULL,19/2022,"CONTRATAÇÃO DE EMPRESA PARA EXECUÇÃO DA CONCHA ACÚSTICA NO ANFITEATRO AO AR LIVRE, LOCALIZADO NA PRAÇA MUNICIPAL DO MUNICIPIO DE PRINCESA/SC.",2022-11-16T08:00,https://princesa.atende.net/,MICHELE CRISTIANE KUNZLER,Presidente
6603591,PUBLICAÇÃO DA HOMOLOGAÇÃO DA DISPENSA ELETRÔNICA DE LICITAÇÃO Nº FUNREBOM 16/2024,Homologação,23/2024,2024-11-08 11:46:07,NULL,Canoinhas,Prefeitura municipal de Canoinhas,Licitações,Dispensa de Licitação,Eletrônica,16/2024,aquisição de fardamento para os novos bombeiros comunitários do Corpo de Bombeiros Militar de Canoinhas,NULL,NULL,JULIANE MUCHALOSKI SLABADACK FERRAZ,"Secretária de Administração, Finanças e Orçamento"
5096837,TERMO DE HOMOLOGAÇÃO PL 019/2023 - FME,Homologação,19/2023,2023-08-28 07:18:59,341F8CD8467871A58A1D6F170FE264B8FE88FE06,Mondaí,Prefeitura municipal de Mondaí,Licitações,Pregão,Eletrônica,4/2023,"Registro de preços para eventual e futura aquisição de móveis e carrinhos de bebê para os Educandários da Rede Municipal de Ensino de Mondaí, para o período de 12 (doze) meses, conforme solicitação, e de acordo com as especificações e quantidades descritas no Anexo I deste Edital.",NULL,NULL,NULL,Assinatura do Responsável
4948849,PREGÃO ELETRONICO 68/PMLM/2023,Ata de Registro de Preços,68/2023,2023-07-11 09:11:17,8DC61CF890943576AA09D1C99683CC2C8761FDD4,Lauro Muller,Prefeitura municipal de Lauro Muller,Licitações,Pregão,Eletrônica,068/2023,"O objeto desta licitação é o Registro de Preços para contratação futura e parcelada de empresa que execute manutenção, fazimento de pequenos serviços e reparos dos imóveis públicos e vias públicas, obtendo as empresas os serviços de mão de obra de Pedreiro, Eletricista e Servente de Pedreiro para atender as demandas das secretarias e fundos do município de Lauro Muller/SC.",2023-07-24T09:00,www.lauromuller.sc.gov.br,Diezom Silva da Luz,Pregoeiro
4863701,RESULTADO HOMOLOGAÇÃO PREGÃO ELETRÔNICO 172/2023,Homologação,172/2023,2023-06-05 07:58:16,64431B4172555F7E8CC16750F82AB19052E3BBDB,Palhoça,Prefeitura Municipal de Palhoça,Licitações,Pregão,Eletrônica,172/2023,Aquisição e instalação de um aparelho de Raio X fixo digital para uso exclusivo na UPA Sul - Palhoça. ,NULL,www.palhoca.sc.gov.br,ANDRÉ JOSÉ SILVEIRA ,Secretária de Administração 
4458462,PROC LIC PREF 001/2023 PP 001/2023,Aviso de Licitação,001/2023,2023-01-06 16:23:40,B75ECD890CA7768689DA66FFB82BCD32B9124E30,Ipuaçú,Prefeitura municipal de Ipuaçú,Licitações,Pregão,Presencial,001/2023,O presente edital tem por objeto Registro de preços para eventual e futura aquisição de gasolina automotiva comum para uso de todas as secretarias e fundos do Município de Ipuaçu/SC,2023-01-18T08:45,NULL,CLORI PEROZA, Prefeita Municipal
6589293,HOMOLOGAÇÃO PE 113/2024-PMV,Homologação,249/2024,2024-11-05 14:09:14,NULL,Videira,Prefeitura municipal de Videira,Licitações,Pregão,Eletrônica,113/2024,"CONTRATAÇÃO FUTURA DE EMPRESA PARA PRESTAR SERVIÇOS, DE FORMA PARCELADA, DE LOCAÇÃO DE BANHEIROS QUIMICOS",NULL,NULL,DORIVAL CARLOS BORGA,PREFEITO MUNICIPAL
4219193,AVISO DE LICITAÇÃO- PROCESSO LICITATÓRIO N° 169/2022 - PR N° 093/2022,Aviso de Licitação,169/2022,2022-09-28 16:51:40,7F2DC70D2E6165D55440F1F04B8B3CA49248043F,São Lourenço do Oeste,Prefeitura municipal de São Lourenço do Oeste,Licitações,Pregão,Presencial,093/2022,"CONTRATAÇÃO DE EMPRESA ESPECIALIZADA PARA LOCAÇÃO DE IMPRESSORAS MULTIFUNCIONAIS MONOCROMÁTICAS, INCLUINDO O FORNECIMENTO DE SUPRIMENTOS (EXCETO PAPEL) E OS SERVIÇOS DE MANUTENÇÃO E ASSISTÊNCIA TÉCNICA, A SEREM INSTALADAS NAS SECRETARIAS MUNICIPAIS DE SÃO LOURENÇO DO OESTE-SC E FUNDO MUNICIPAL DE SAÚDE.",2022-10-13 08:00,www.saolourenco.sc.gov.br,RAFAEL CALEFFI,Prefeito Municipal
6425283,EXTRATO DE INEXIGIBILIDADE DE LICITAÇÃO Nº 64/2024,Inexibilidade,64/2024,2024-09-13 17:44:03,A4FD8AC9011B0EDB1C1A26E2CA30200160FE4D7D,Passo de Torres,Prefeitura municipal de Passo de Torres,Licitações,Inexigibilidade,NULL,64/2024,"contratação de apresentação show artístico musical com a banda CAVALEIROS DA VANEIRA, representada por E. F. PRODUÇÕES ARTISTICA LTDA para apresentação durante a 3º Festa Farroupilha que será realizada entre os dias 13 a 20 de setembro de 2024, no município de Passo de Torres/SC",NULL,NULL,Altemir Catel Cardoso,Prefeito em Exercício
6597942,LICITAÇÃO Nº 54/2024 - PREGÃO,Adjucação,54/2024,2024-11-07 17:29:53,NULL,São Joaquim,Prefeitura municipal de São Joaquim,Licitações,Pregão,NULL,10/2024,"Contratação de empresa para fornecimento e instalação de vidros para atender as necessidades das Secretarias, Fundos Municipais e entidades pertencentes à Prefeitura Municipal de São Joaquim.",NULL,NULL,Giovani Nunes,Autoridade Competente
6056089,TERMO DE HOMOLOGAÇÃO PREGÃO ELETRÔNICO Nº 09/2024,Homologação,39/2024,2024-06-06 12:20:51,AACDD2A594CB90862FDA84819CBDD8308337ED30,Balneário Arroio do Silva,Prefeitura municipal de Balneário Arroio do Silva,Licitações,Pregão,Eletrônica,9/2024,TABELA DE BASQUETE E REDE DE PROTEÇÃO ESPORTIVA COM INSTALAÇÃO,NULL,NULL,NULL,NULL
4094200,EXTRATO DO PRIMEIRO TERMO ADITIVO Nº 073/2022 À ATA DE REGISTRO DE PREÇOS Nº 222/2021,Aditivo,250/2021,2022-08-08 16:56:58,NULL,Jaraguá do Sul,Prefeitura municipal de Jaraguá do Sul,Licitações,Pregão,Presencial,250/2021,"Constitui objeto da presente ata o registro de preço para fornecimento de TUBOS E GALERIAS DE CONCRETO ao longo de 12 (doze) meses, destinados para uso da Secretaria de Obras e Serviços Públicos e Fundo Municipal de Habitação de Interesse Social",NULL,NULL,OTONIEL DA SILVA,Secretário Municipal de Obras e Serviços Públicos
6179767,EXTRATO DO CONTRATO Nº 36/2024 - RINALDO ALVES GARCIA,Contrato,64/2024,2024-07-10 10:21:10,FCA11E4E7CC18348A7DE9EE6CE8E85637B272318,Jaguaruna,Prefeitura municipal de Jaguaruna,Licitações,Dispensa de Licitação,NULL,64/2024,"CONTRATAÇÃO DE PESSOA FÍSICA ATRAVÉS DE PROCESSO LICITATÓRIO NA MODALIDADE DE DISPENSA DE LICITAÇÃO, PARA LOCAÇÃO DE IMÓVEL LOCALIZADO NA RUA CORONEL SEVERINO DUARTE, S/N, CENTRO, JAGUARUNA/SC, COM ÁREA TOTAL DE 40,00 M2, MATRÍCULA N. 13.023, LIVRO N. 02, SALA COMERCIAL, TÉRREA, INSCRIÇÃO MUNICIPAL N. 01.01.142.0004.001, DESTINADO AO FUNCIONAMENTO DO ESCRITÓRIO MUNICIPAL DA EPAGRI,",NULL,NULL,LAERTE SILVA DOS SANTOS,PREFEITO MUNICIPAL
5660607,LICITAÇÃO: CONCORRÊNCIA ELETRÔNICA N.° 01/2024 - SAMAE,Aviso de Licitação,01/2024,2024-02-23 09:59:00,62E4A9DFE51DCC34541FD854718B8FB75F9CB72A,Praia Grande,Prefeitura municipal de Praia Grande,Licitações,Concorrência,Eletrônica,01/2024,"EXECUÇÃO DE OBRAS DE IMPLANTAÇÃO DE REDES DE DISTRIBUIÇÃO DE ÁGUA E DE COLETA DE ESGOTO EM DIVERSAS RUAS DO MUNICÍPIO, PARA O SAMAE ÁGUA DOS CANYONS DE PRAIA GRANDE/SC",2024-03-15T08:31,WWW.BLL.COM.BR,FLADIMIR SCHARDOSIM REOS,AGENTE DE CONTRATAÇÃO
3659370,EXTRATO DE CONTRATO 020/2022,Contrato,020/2022,2022-03-04 11:11:21,EEC4DB513E5B5AAE85ACCE3438D57B5DAEB22B7A,Porto União,Prefeitura municipal de Porto União,Licitações,Pregão,Eletrônica, 009/2022,aquisição de tintas para demarcação viária,NULL,NULL,Eliseu Mibach,Prefeito Municipal
3642062,PROCESSO HOMOLOGADO 157/2021 - PMD,Homologação,157/2021,2022-02-24 13:16:16,NULL,Descanso,Prefeitura municipal de Descanso,Licitações,Pregão,Presencial,50/2021,"SERVIÇOS DE RECAPAGENS E VULCANIZAÇÕES DE PNEUS PARA EVENTUAL FORNECIMENTO PARA CAMINHÕES, MAQUINAS E ONIBUS ALOCADOS A MUNICIPALIDADE.",NULL,NULL,SADI INACIO BONAMIGO,Prefeito Municipal
4137608,EXTRATO DE HOMOLOGAÇÃO E ADJUDICAÇÃO AO PROCESSO ADMINISTRATIVO 136/2022,Homologação,136/2022,2022-08-26 13:25:31,D29C8363D52D11690E24FA87A393DD468FD7724B,Indaial,Prefeitura Municipal de Indaial,Licitações,Pregão,Eletrônica,058/2022,"AQUISIÇÃO DE GÊNEROS ALIMENTÍCIOS PARA O PROGRAMA DE ALIMENTAÇÃO ESCOLAR, DOS ALUNOS DA REDE MUNICIPAL DE ENSINO.",NULL,NULL,MARCIO MOISES SELHORST,Secretário de Educação 
4825595,PREGÃO N° 017/2023,Aviso de Licitação,43/2023,2023-05-26 16:48:42,NULL,Alto Bela Vista,Prefeitura Municipal de Alto Bela Vista,Licitações,Pregão,Presencial,17/2023,Aquisição de uniformes e correlatos.,2023-06-07T09:00,NULL,NULL,NULL
4902743,EXTRATO JULGAMENTO DAS HABILITAÇÕES DO EDITAL TP 01/2023-FMS,Julgamento,01/2023,2023-06-21 17:42:32,NULL,Videira,Prefeitura municipal de Videira,Licitações,Tomada de Preços,NULL,01/2023,"CONTRATAÇÃO DE EMPRESA PARA EXECUTAR A CONSTRUÇÃO DA UNIDADE BÁSICA DE SAÚDE CIBRAZÉM, EM SISTEMA MODULAR, LOCALIZADA NA RUA IBICARÉ, BAIRRO CIBRAZÉM, EM VIDEIRA-SC, COM ÁREA DE CONSTRUÇÃO DE 287,10M², INCLUINDO MATERIAL E MÃO DE OBRA, CONFORME PROJETO BÁSICO – (PROGRAMA REQUALIFICA UBS – CONSTRUÇÃO - MINISTÉRIO DA SAÚDE – PROPOSTA 10432.6840001/22-002)",2023-07-04T14:00,https://videira.atende.net,NULL,NULL
5936275,TERMO DE HOMOLOGAÇÃO 045/2024,Homologação,45/2024,2024-05-06 11:56:41,NULL,Capivari de Baixo,Câmara de Vereadores de Capivari de Baixo,Licitações,Inexigibilidade,NULL,12/2024,"Seleção de emissoras de rádio, jornais impressos e portal de noticias, que sejam geradoras comerciais e que tenham abrangência e veiculação no Município de CAPIVARI DE BAIXO, para emissão de propagandas institucionais, informativas e publicações legais da Câmara Municipal de Capivari de Baixo/SC.",NULL,NULL,NULL,NULL
6211593,ERRATA DE EDITAL PROCESSO LICITATÓRIO PROCESSO LICITATÓRIO Nº09/2024 MODALIDADE PREGÃO PRESENCIAL Nº02/2024,Errata,09/2024,2024-07-24 13:27:57,NULL,Modelo,Prefeitura municipal de Modelo,Licitações,Pregão,Presencial,02/2024,"CONTRATAÇÃO DE PESSOA JURÍDICA QUE FORNEÇA PROFISSIONAL HABILITADO PARA PRESTAÇÃO DE SERVIÇOS EM GINECOLOGIA E OBSTETRICIA, COM INSCRIÇÃO NO CONSELHO REGIONAL DE GINECOLOGISTAS, PARA REALIZAÇÃO DE CONSULTAS E PROCEDIMENTOS QUINZENAIS A SEREM REALIZADOS NA UNIDADE BÁSICA DE SAÚDE PARA ATENDIMENTO À POPULAÇÃO DO MUNICÍPIO DE MODELO.",2024-08-01T08:00,https://bnc.org.br/,NULL,NULL
3617319,EXTRATO DE HOMOLOGAÇÃO PROCESSO LICITATÓRIO 09/2022 - PREGÃO PRESENCIAL N. 03/2022,Homologação,9/2022,2022-02-15 11:19:14,NULL,Chapadão do Lageado,Prefeitura municipal de Chapadão do Lageado,Licitações,Pregão,Presencial,9/2022,AQUISIÇÃO DE TRATOR AGRÍCOLA,NULL,NULL,ABEL DA SILVA,PREFEITURA MUNICIPAL DE CHAPADÃO DO LAGEADO
6099859,EXTRATO DE DISPENSA POR LIMITE 177/24,Dispensa,177/24,2024-06-18 16:52:33,6BCACB411132D62C3DFB9A8369F9003149CA3D14,Nova Itaberaba,Prefeitura municipal de Nova Itaberaba,Licitações,Dispensa de Licitação,NULL,177/24,"Aquisição de pranchas de madeira para utilização em caminhão FTQ3466, Patrimônio 5293",NULL,www.novaitaberaba.sc.gov.br,Ivanir José Possebon,Prefeito Municipal
4751337,TERMO DE HOMOLOGAÇÃO E ADJUDICAÇÃO INEXIGIBILIDADE DE LICITAÇÃO Nº 025/2023,Homologação,74/2023,2023-04-26 15:57:52,DD410312EC512777262140F1B3AF1CBB1C2C2BA9,Herval d'Oeste,Prefeitura municipal de Herval d'Oeste,Licitações,Inexigibilidade,NULL,25/2023,"Credenciamento de pessoa jurídica (Residência Inclusiva Maria e Maria) para prestação de Serviço oferecido em estabelecimentos/instituições para o acolhimento/abrigamento institucional de pessoas portadoras de deficiências, em regime integral, em conformidade com o edital nº 002/2023.",NULL,NULL,MAURO SERGIO MARTINI,PREFEITO
6529446,EXTRATO DO PROCESSO DE INEXIGIBILIDADE DE LICITAÇÃO Nº 51/2024 - CREDENCIAMENTO SHEN FISIOTERAPIA E ACUPUNTURA S/S LTDA,Inexibilidade,51/2024,2024-10-17 14:42:00,NULL,Tubarão,CIS/AMUREL - Consórcio Intermunicipal de Saúde da AMUREL,Licitações,Inexigibilidade,NULL,0051/2024,CREDENCIAMENTO DE PESSOA JURÍDICA PRESTADORA DE SERVIÇO ESPECIALIZADO NA ÁREA DE SAÚDE ,NULL,NULL,ROSENVALDO DA SILVA JÚNIOR,Presidente do CISAMUREL
6356224,ERRATA 02 - AVISO DE LICITAÇÃO MODALIDADE PREGÃO ELETRÔNICO Nº 13/2024 - FMS,Errata,13/2024,2024-08-23 15:19:42,3B6E647E29CE61F0E95B1FAA58348B7E4D07093D,Concórdia,Prefeitura municipal de Concórdia,Licitações,Pregão,Eletrônica,13/2024,"contratação de empresa para confecção de próteses dentárias para atendimento a pacientes do SUS do Fundo Municipal de Saúde, conforme descrições constantes no Anexo ""A"" do edital. ",2024-09-16T08:30,www.concordia.sc.gov.br,LEIDE MARA BENDER,Gestora do FMS
6488892,PUBLICAÇÃO DA HOMOLOGAÇÃO DA DISPENSA DE LICITAÇÃO Nº PMCS 161/2024,Homologação,304/2024,2024-10-04 10:51:53,NULL,Canoinhas,Prefeitura municipal de Canoinhas,Licitações,Dispensa de Licitação,Eletrônica,161/2024,"Dispensa eletrônica para contratação de seguro veicular com vigência de 1 (um) ano para ônibus Iveco/Bus 15 21E-C, placas SXI7D26.; licitação Dispensa Eletrônica nº. 161/2024, o(s) participante(s)",NULL,NULL,SÔNIA MARIA STELZNER GROSSKOPF,SECRETARIA MUNICIPAL E EDUCAÇÃO
6055671,AVISO DE PUBLICAÇÃO Nº 43/2024 - INEX. Nº 09/2024,Aviso de Licitação,43/2024,2024-06-06 10:27:03,D75A5E918A9AE3C7C7F4DEC8AF9F5A68F42A0CBC,Jaguaruna,Prefeitura municipal de Jaguaruna,Licitações,Inexigibilidade,NULL,9/2024,LOCAÇÃO DE IMÓVEL SITUADO NA RUA ERNESTO LACOMBE N°32 - CENTRO.,NULL,NULL,NULL,NULL
5644268,84-2024 GILNEI ADANETE THESING 76081630978,Homologação,84/2024,2024-02-20 13:03:28,NULL,Santiago do Sul,Prefeitura Municipal de Santiago do Sul,Licitações,Dispensa de Licitação,NULL,39/2024,"Contratação de Show Musical com GILNEI ADANETE THESIG , para o dia 28/04/2024, Encontro regional da Terceira Idade,programação dentro das festividades comemorativas ao 30º aniversário do Município de Santiago do Sul-SC, com duração de 04:00 (Quatro Horas) , sendo das 14:00h até as 18:00h , em conformidade Lei Municipal nº1134/2024.",NULL,NULL,JULCIMAR ANTONIO LORENZETTI,PREFEITO MUNICIPAL
4852569,ATA 02 PREGÃO 04-2023,Ata de Recebimento e Abertura,4/2023,2023-05-30 17:40:39,NULL,Santo Amaro da Imperatriz,Prefeitura Municipal de Santo Amaro da Imperatriz,Licitações,Pregão,Presencial,4/2023,"A PRESENTE LICITAÇÃO TEM POR OBJETO OS SERVIÇOS DE CREMAÇÃO, COMPREENDENDO URNA PADRÃO DE CINZAS, SEGUNDA ASSINATURA MÉDICA (SE NECESSÁRIO) PARA O FUNDO MUNICIPAL DE ASSISTÊNCIA SOCIAL, NAS QUANTIDADES E ESPECIFICAÇÕES DETALHADAS NOS ANEXO I, II E III PARTE INTEGRANTE DESTE EDITAL.",NULL,NULL,Ariane Carla Adriano Mafra,PREGOEIRO
6175707,TERMO ADITIVO 01-2024 - PRORROGAÇÃO - CONTRATO 013/2024 MILENA P. ROVADOSCKI,Aditivo,024/2024,2024-07-09 14:23:52,NULL,Nova Erechim,Prefeitura municipal de Nova Erechim,Licitações,Pregão,Eletrônica,005/2024,"O presente termo aditivo tem como objeto a PRORROGAÇÃO, da vigência do Contrato nº 013/2024, firmado entre as partes em 12/04/2024, por mais 30 dias, a partir de 13/07/2024 até 13/08/2024 podendo ser prorrogado sucessivamente, respeitada a vigência máxima decenal, na forma do artigo 107 da Lei nº 14.133, de 2021.",NULL,NULL,Edilson Ferla,Prefeito Municipal
5109037,AVISO DE LICITAÇÃO PL 946/2023 PP 43/2023,Aviso de Licitação,946/2023,2023-08-31 09:56:29,A5B9029B500F3B78CE0C4F4B1553CACAB454A7B9,Romelândia,Prefeitura municipal de Romelândia,Licitações,Pregão,Presencial,43/2023,"A PRESENTE LICITAÇÃO VISA FUTURA E EVENTUAL CONTRATAÇÃO DE EMPRESA PARA PRESTAÇÃO DE SERVIÇOS DE SEGURANÇA EM EVENTOS PROMOVIDOS PELO MUNICÍPIO DE ROMELÂNDIA, PELO PERÍODO DE 01 (UM) ANO, CONFORME ESPECIFICAÇÕES CONSTANTES NO EDITAL E SEUS ANEXOS.",2023-09-12T08:15,NULL,ALVARO ULISSES VIGANO,NULL
6773703,EXTRATO HOMOLOGAÇÃO Nº 171/2024/PMI PREGÃO ELETRÔNICO - Nº 75/2024/PMI,Homologação,171/2024,2025-01-09 16:40:07,BDCEA392D2E49763DD36E287ED3CEB95E603AABA,Ituporanga,Prefeitura municipal de Ituporanga,Licitações,Pregão,Eletrônica,75/2024,"ABERTURA DE LICITAÇÃO PARA REGISTRO DE PREÇOS PARA CONTRATAÇÃO DE EMPRESA PARA PRESTAR SERVIÇOS DE BORRACHARIA EM GERAL PARA VEICULOS LEVES, INCLUINDO BALANCEAMENTO, GEOMETRIA, REMOÇÃO, MONTAGEM E CONSERTO DE PNEUS, DE VEÍCULOS LEVES DA FROTA MUNICIPAL DE ITUPORANGA. PD 23.903/2024.",NULL,NULL,Geison Kurtz,Prefeito
3424515,PREGÃO PRESENCIAL 286/2021 - HOMOLOGAÇÃO,Homologação,286/2021,2021-11-23 17:31:44,668F1E9602B61BCFA126924BC493372CB0E944B7,Palhoça,Prefeitura Municipal de Palhoça,Licitações,Pregão,Presencial,286/2021,Aquisição de peças para reposição em máquinas pesadas pertencentes a Secretaria de Serviços Públicos -,NULL,www.palhoca.sc.gov.br,ANDRÉ JOSÉ SILVEIRA ,SECRETÁRIO MUNICIPAL DE ADMINISTRAÇÃO
6639256,PL Nº 12/2023 PP Nº 03/2023 - EXTRATO DO CONTRATO - ADITIVO DE PRORROGAÇÃO,Contrato,12/2023,2024-11-25 11:25:00,956D7B25EE24B10C97783756AAEACEA2747D95E4,Jaguaruna,Prefeitura municipal de Jaguaruna,Licitações,Pregão,Presencial,03/2023,"CONTRATAÇÃO DE EMPRESA PARA PRESTAÇÃO DE SERVIÇOS DE COLETA, TRANSPORTE, TRATAMENTO ATRAVÉS DE AUTOCLAVE E TRATAMENTO ATRAVÉS INCINERAÇÃO E DESTINO FINAL DE RESÍDUOS HOSPITALARES INFECTANTES E PERFUROCORTANTES, CLASSIFICADOS NOS GRUPOS A (RESÍDUOS INFECTANTES), B (RESÍDUOS QUÍMICOS) E E ( RESÍDUOS PERFURO CORTANTES) DA SECRETARIA MUNICIPAL DE SAÚDE, SUAS UNIDADES BÁSICAS E FARMÁCIA CENTRAL DO MUNICIPIO DE JAGUARUNA/SC, CONFORME TERMO DE REFERENCIA..",NULL,NULL,LAERTE SILVA DOS SANTOS,PREFEITO MUNICIPAL
6761004,AP24FMS07,Apostilamento,0013/2023,2025-01-06 08:52:57,DD9EA5FAAE636808BBFABEE9FD13DDC0ADD7285D,Fraiburgo,Prefeitura municipal de Fraiburgo,Licitações,Inexigibilidade,NULL,0002/2023,"CREDENCIAMENTO DE EMPRESA DO RAMO PARA PRESTAÇÃO DE SERVIÇOS MÉDICOS AMBULATORIAIS AOS USUÁRIOS DO SISTEMA ÚNICO DE SAÚDE - SUS, NA ÁREA DE ORTOPEDIA, COMPREENDENDO CONSULTAS MÉDICAS ESPECIALIZADAS E PROCEDIMENTOS ORTOPÉDICOS AMBULATORIAIS, A FIM DE ATENDER AS NECESSIDADES DA POPULAÇÃO DE FRAIBURGO.",NULL,NULL,Wilson Ribeiro Cardoso Júnior,Prefeito Municipal
4586420,HOMOLOGAÇÃO V PROCESSO LICITATÓRIO DE CREDENCIAMENTO Nº 79/2022,Homologação,79/2022,2023-02-22 16:19:02,NULL,Rio dos Cedros,Prefeitura municipal de Rio dos Cedros,Licitações,Inexigibilidade,NULL,79/2022,ARKA SERVIÇOS LTDA,NULL,NULL,Paulo Bindelli,Secretário de Administração e Fazenda
6477638,AVISO DE HOMOLOGAÇÃO - INEXIGIBILIDADE DE LICITAÇÃO Nº 4/2024,Homologação,04/2024,2024-10-02 10:05:03,NULL,São Bento do Sul,Fundação Cultural de São Bento do Sul,Licitações,Inexigibilidade,NULL,04/2024,"contratação de empresa para fornecimento de vale-transporte para funcionários públicos municipais da Fundação Cultural De São Bento Do Sul, para o período de 01 de novembro de 2024 a 31 de dezembro de 2024, pela Fundação Cultural de São Bento Do Sul, para TRANSPORTES COLETIVOS RAINHA LTDA. – CNPJ 82.770.033/0001-85, no valor de R$ 2.080,00 (dois mil e oitenta reais).",NULL,saobentodosul.atende.net,DENISE GROSSKOPF DIRKSEN ,Diretora Presidente da Fundação Cultural de São Bento do Sul
5661442,"PROCESSO Nº15/2024 DISPENSA POR JUSTIFICATIVA Nº011/2024-AQUISIÇÃO DE GÊNEROS ALIMENTÍCIOS DIRETAMENTE DA AGRICULTURA FAMILIAR E DO EMPREENDEDOR FAMILIAR RURAL, CONFORME §1º DO ART. 14 DA LEI 11.947/2009 E RESOLUÇÕES DO FNDE RELATIVAS AO PNAE",NULL,015/2024,2024-02-23 14:32:50,NULL,Iratí,Prefeitura municipal de Irati,Licitações,Dispensa de Licitação,NULL,011/2024,"AQUISIÇÃO DE GÊNEROS ALIMENTÍCIOS DIRETAMENTE DA AGRICULTURA FAMILIAR E DO EMPREENDEDOR FAMILIAR RURAL, CONFORME §1º DO ART. 14 DA LEI 11.947/2009 E RESOLUÇÕES DO FNDE RELATIVAS AO PNAE.",NULL,NULL,Neuri Meurer,Prefeito Municipal
5378022,HOMOLOGAÇÃO PL 5/2023 - FMAS,Homologação,5/2023,2023-11-28 16:55:34,42A4B0094D05F4F4735FD0CB172CA9BBC3BF47BA,Matos Costa,Prefeitura municipal de Matos Costa,Licitações,Dispensa de Licitação,NULL,2/2023,"Contratação de empresa para fornecimento de Enfeites de Natal, destinados para Decoração Natalina do Centro de Referência de Assistência Social - CRAS no Município de Matos Costa.",NULL,NULL,Paulo Bueno de Camargo,Prefeito Municipal
5107387,PREGAO PRESENCIAL 425/2023,Aviso de Licitação, 425/2023,2023-08-30 16:40:39,CD6D7FF38219F82110AFD30E5953323F3CDF56E0,Palhoça,Prefeitura Municipal de Palhoça,Licitações,Pregão,Presencial, 425/2023,"Contratação de empresa especializada em telecomunicações e interligação de dados e voz, por meio Protocolo (IP) em forma de dados na modalidade Telefonia fixa com Central Virtual (nuvem), (PABX IP protocolo SIP), ACESSO Internet, rede interna, para Prefeitura Municipal de Palhoça e suas dependências (Secretarias, Fundos, Autarquias, Escolas, CEI, entre outros), conforme especificação contida nos anexos, partes integrantes deste Edital. ",2023-09-19T14:00,www.palhoca.sc.gov.br,NULL,NULL
4560800,ATA DE REGISTRO DE PREÇOS 045/2023,Ata de Registro de Preços,179/2022,2023-02-13 14:03:07,NULL,Porto União,Prefeitura municipal de Porto União,Licitações,Pregão,Eletrônica,179/2022,O objeto da presente Ata de Registro de Preços para aquisição de material gráfico constantes da proposta comercial referente ao Edital de Pregão Eletrônico nº 179/2022 e dos anexos.,NULL,NULL,Eliseu Mibach,PREFEITO MUNICIPAL
4805294,PREGÃO ELETRÔNICO Nº 067/2023,Edital,067/2023,2023-05-23 15:11:07,EAB072DEC821BDD688F7F71B0D00384C0622ACF1,Rio do Sul,Prefeitura municipal de Rio do Sul,Licitações,Pregão,Eletrônica,067/2023,"REGISTRO DE PREÇOS PARA EVENTUAL AQUISIÇÃO PARCELADA DE CARGA DE GÁS LIQUEFEITO DE PETRÓLEO - GLP, COM COMODATO PARCIAL DE VASILHAME, A FIM DE ATENDER AS NECESSIDADES DE DIVERSAS SECRETARIAS, CORPO DE BOMBEIROS E POLICIA CIVIL DE RIO DO SUL/SC.",2023-06-06T08:00,www.riodosul.sc.gov.br,JOSÉ EDUARDO ROTHBARTH THOMÉ,Prefeito Municipal
6646366,AVISO DE INEXIGIBILIDADE DE LICITAÇÃO N° 0082/2024,Aviso de Licitação,0248/2024,2024-11-27 12:11:11,NULL,Xaxim,Prefeitura municipal de Xaxim,Licitações,Inexigibilidade,NULL,0082/2024,"SELEÇÃO ESPAÇO, AMBIENTES E INICIATIVAS ARTÍSTICO-CULTURAIS PARA RECEBER SUBSÍDIO PARA MANUTENÇÃO COM RECURSOS DA POLÍTICA NACIONAL ALDIR BLANC DE FOMENTO À CULTURA – PNAB (LEI Nº 14.399/2022).",NULL,NULL,Edilson Antônio Folle,Prefeito Municipal
5367100,TERMO DE HOMOLOGAÇÃO PROCESSO Nº 242/2023,Homologação,242/2023,2023-11-24 11:22:54,5BAC8635553735F4DF3ED17D7F2337AF9EEC7B1C,Orleans,Prefeitura municipal de Orleans,Licitações,Inexigibilidade,NULL,40/2023,"CONTRATAÇÃO DE GUSTAVO CECHINEL DA SILVA, CONTEMPLADO NO *PROGRAMA ""ORLEANS AUDIOVISUAL: DOTE DE UMA PRINCESA' (EDITAL 002/2023) CATEGORIA: INCISO I | LPG - APOIO A PRODUÇÃO DE VIDEOCLIPES, GAMES E OUTROS FORMATOS DE AUDIOVISUAL. *LEI COMPLEMENTAR Nº 195, DE 8 DE JULHO DE 2022",NULL,NULL,JORGE LUIZ KOCH,NULL
4216028,PUBLICAÇÃO DE EDITAL DE TOMADA DE PREÇOS Nº PMC 22/2022,Edital,22/2022,2022-09-28 09:09:56,841548880F15A6552FC063FBEDC77507E04D7801,Canoinhas,Prefeitura municipal de Canoinhas,Licitações,Tomada de Preços,NULL,22/2022,"CONTRATAÇÃO DE EMPRESA ESPECIALIZADA PARA EXECUTAR A OBRA DE REFORMA E REVITALIZAÇÃO DA ILUMINAÇÃO PÚBLICA DA PRAÇA OSWALDO DE OLIVEIRA E JARDIM DA PREFEITURA EM CANOINHASSC, COM FORNECIMENTO DE TODO O MATERIAL E MÃO DE OBRA NECESSÁRIA",2022-10-17T09:00,www.pmc.sc.gov.br,Willian Godoy Ferreira de Souza,Prefeito interino
4131214,AVISO DE SUSPENSÃO DE LICITAÇÃO PR016/2022,Aviso de Suspensão,163/2022,2022-08-24 13:39:31,9C248EB101BF7D89380B134F1B266CDDA6BD3C1E,Garopaba,Prefeitura Municipal de Garopaba,Licitações,Pregão,Presencial,016/2022,"registro de preço para aquisição de tecidos, materiais de aviamento e itens de artesanato para suprir os recursos nas atividades realizadas pelos 23 (vinte e três) grupos de mulheres de Garopaba, através da casa da cultura, subordinada à secretaria municipal de educação e cultura e coordenado pela secretaria de assistência social do município de Garopaba.",NULL,https://garopaba.atende.net,Jorge Augusto da Silva Chaves,Prefeito Municipal
5474569,AVISO DE CANCELAMENTO - TERMO ADITIVO AO CONTRATO Nº 10/2021 PMC,Aviso de Cancelamento,10/2021,2024-01-02 11:54:58,NULL,Concórdia,Prefeitura municipal de Concórdia,Licitações,Pregão,Presencial,1/2021,"prestação de serviços de arbitragem, visando a possível realização de eventos organizados pela SEDEC, sendo eles: Olimpíada da Terceira Idade (bocha e bolão); Jogos estudantis entre 12 a 14 anos e 15 a 17 anos (Futsal, Handebol, Basquete, Voleibol e Badminton); Campeonato de Futebol Escolar (Moleque Bom de Bola); Olimpíada Interbairros; Campeonato Municipal do Interior de Futebol Amador (séries A, B e C); Campeonato de Futebol Sete (masculino e feminino); Serviços de arbitragem, súmulas e caso necessário, julgamento de eventos acima citados .",NULL,NULL,BRUNO DARIVA,"Secretário Municipal de Desporto e Cultura, em exercício"
4174308,PREGÃO PRESENCIAL 5/2022 FMS,Edital,10/2022,2022-09-12 16:02:10,64DF2E935C7E839C9013E685C69D12A16BCA2BD6,Abdon Batista,Prefeitura Municipal de Abdon Batista,Licitações,Pregão,Presencial,05/2022,"Contratação de pessoa jurídica especializada para a prestação de serviços de coleta de exames laboratoriais, bem como sua análise e emissão de laudos de resultados, conforme Tabela SUS, anexo ao presente termo, a fim de atender as demandas da Secretaria Municipal de Saúde de Abdon Batista/SC.",2022-09-27T10:00,www.abdonbatista.sc.gov.br,Jadir Luiz de Souza,Prefeito Municipal 
5429393,ATA DE HABILITAÇÃO TP N° 0020/2023 - PMF,Ata de Recebimento e Abertura, 0172/2023,2023-12-14 15:18:20,NULL,Fraiburgo,Prefeitura municipal de Fraiburgo,Licitações,Tomada de Preços,NULL,0020/2023,"Contratação de empresa para a execução do gavetário, drenagem e calçada em paver no Cemitério Municipal, situado na Avenida Tangará, bairro São José, nesta cidade, conforme Projetos, Memorial Descritivo e Quantitativo (ANEXOS ao PAL e parte dele integrante)",NULL,NULL,Karen Denize da Silva de Olivério,Presidente da CPL
6215988,HOMOLOGAÇÃO - PROC 52/2024,Homologação,52/2024,2024-07-19 08:49:10,NULL,Rio do Oeste,Prefeitura municipal de Rio do Oeste,Licitações,Dispensa de Licitação,Presencial,52/2024,Coleta dos resíduos da Secretaria de Saúde,NULL,www.riodooeste.sc.gov.br,DIOGO FERRARI,Prefeito
5052338,109 2023 HOMOLOGAÇÃO,Homologação,109/2023,2023-08-11 10:57:27,NULL,Pouso Redondo,Prefeitura municipal de Pouso Redondo,Licitações,Dispensa de Licitação,NULL,45/2023,"Dispensa de licitação para aquisição de desmontadora de rodas de veículos leves, com a seguinte especificação: tensão monofásica 220v, pressão de trabalho 8 BAR, força 1600N, fixação interna 12” A 24”, possui sistema pneumático de fixação da roda, que permite o giro em dois sentidos sem que o aro se desprenda destalonador pneumático lateral com acionamento por pedal permite ao operador executar o serviço tendo as duas mãos livres para rotacional o pneu da máquina em conformidade com as normas internacionais de segurança, com calibrador manual de pneus permitindo a operação de calibragem dos pneus no próprio equipamento prato giratório (sentido antihorário) braço auxiliar mão destalador de pneus lateral filtro de óleo pneumático montagem e instalação da máquina por conta do vencedor",NULL,NULL,RAFAEL NEITZKE TAMBOZI,Assinatura do Responsável
6766885,EXTRATO DE APOSTILAMENTO PROCESSO Nº. 02/2024/PMI. PROCESSO LICITATÓRIO Nº 02/2024 – DISPENSA PRESENCIAL Nº 01 /2024/PMI,Apostilamento,02/2024,2025-01-07 16:26:13,B0F90465B7B9767D06D5E20BB325C9EC993DF5DC,Ituporanga,Prefeitura municipal de Ituporanga,Licitações,Dispensa de Licitação,Presencial,01/2024," PRESTAÇÃO DE SERVIÇOS CONTINUADOS DE TECNOLOGIA DA INFORMAÇÃO E COMUNICAÇÃO, PELA CONTRATADA, AOS SISTEMAS: DIÁRIO OFICIAL DOS MUNICIPIOS DE SANTA CATARINA - CIGA DIÁRIO - DOM/SC; GESTÃO TRIBUTÁRIA: GESTÃO DO SIMPLES NACIONAL - CIGA SIMPLES; GESTÃO TRIBUTÁRIA: GESTÃO DO CADASTRO INTEGRADO MUNICIPAL - CIGA CIM; COLETOR DE DADOS - CIGA COLETOR; CIGA EDU - CIGA EDU. PROCESSO DIGITAL Nº 490/2024.",NULL,NULL,NULL,NULL
3810053,EXT CT 044.2022 - KLAGENBERG,Contrato,044/2022,2022-04-05 14:47:22,62475D27CA6C3866832FF9697AEABD2DCCE0FEA2,Mondaí,Prefeitura municipal de Mondaí,Licitações,Inexigibilidade,NULL,044/2022,CHAMAMENTO PÚBLICO PARA O CREDENCIAMENTO PARA CONTRATAÇÃO DE SERVIÇOS DE IMPRENSA ESCRITA PARA DIVULGAÇÃO DE ATOS OFICIAIS E INSTITUCIONAIS DO MUNICÍPIO DE MONDAÍ/SC PARA O ANO DE 2022,NULL,NULL,ELISEU BOHN,Secretário de Administração e Fazenda Ordenador de Despesas
5803182,DÉCIMO TERMO ADITIVO AO CONTRATO Nº 43-2021 - PAV. ASFÁLTICA EST. GERAL RIO SANTO ANTÔNIO - SANTPAV,Aditivo,44/2021,2024-03-27 18:49:16,NULL,Braço do Norte,Prefeitura municipal de Braço do Norte,Licitações,Tomada de Preços,NULL,04/2021,"PAVIMENTAÇÃO ASFÁLTICA NA ESTRADA GERAL DO RIO SANTO ANTÔNIO NO MUNICÍPIO DE BRAÇO DO NORTE, PARA ATENDER AO REPASSE ESPECIAL JUNTO AO GOVERNO DO ESTADO DE SANTA CATARINA",NULL,NULL,ROBERTO KUERTEN MARCELINO,PREFEITO MUNICIPAL
6021792,EXTRATO DA ARP N° 44/2024 - FMAS,Ata de Registro de Preços,44/2024,2024-05-29 09:56:17,CA3959BB3043ACEC103783FD3C2A7528E64F020C,Rancho Queimado,Prefeitura municipal de Rancho Queimado,Licitações,Pregão,Eletrônica,17/2024,"eventual aquisição de materiais de obras para atender a necessidade das secretarias de obras, estradas e serviços urbanos, educação e administração geral, bem como, do Fundo Municipal de Saúde e Fundo Municipal de Assistência Social do Município de Rancho Queimado, especificados nos itens do Termo de Referência, anexo I do Edital de Pregão Eletrônico nº 17/2024",NULL,NULL,Alessandra Cavalcanti,Secretária Municipal de Administração e Finanças
4346091,AVISO DE LICITAÇÃO - PREGÃO PRESENCIAL Nº 031/2022,Aviso de Licitação,031/2022,2022-11-28 15:32:44,NULL,São Martinho,Prefeitura municipal de São Martinho,Licitações,Pregão,Presencial,031/2022,"Aquisição de equipamentos para piscicultura, em atendimento do Processo SGPe: SCC 00009073/2022 - Portaria SEF Nº 229/2022, e emconformidade com as especificações constantes descritas no “Anexo I” (Termo de Referência), do Edital",2022-12-13T08:00,www.saomartinho.sc.gov.br,ROBSON JEAN BACK,Prefeito Municipal
5471919,TERMO DE HOMOLOGAÇAO INEX 006/2023,Homologação,67/2023,2023-12-29 12:15:04,99EAD346B75E712F7C5FD0A4B7E7156718428D57,Vitor Meireles,Prefeitura municipal de Vitor Meireles,Licitações,Inexigibilidade,NULL,6/2023,"CONTRATAÇÃO DA COMPANHIA CATARINENSE DE ÁGUAS E SANEAMENTO - CASAN, INSCRITA NO CNPJ SOB O N. 82.508.433/0001-17, PARA FORNECIMENTO DE ÁGUA POTÁVEL E ESGOTO SANITÁRIO PARA A PREFEITURA MUNICIPAL DE VITOR MEIRELES E DEMAIS ÓRGÃOS VINCULADOS",NULL,NULL,BENTO FRANCISCO SILVY,Prefeito
4042563,PREGÃO PRESENCIAL Nº PR6/2022 TERMO DE HOMOLOGAÇÃO DE PROCESSO LICITATÓRIO,Homologação,6/2022,2022-07-15 17:47:59,NULL,Chapecó,Câmara de Vereadores de Chapecó,Licitações,Pregão,Presencial,6/2022,"REGISTRO DE PREÇOS PARA AQUISIÇÃO DE MATERIAIS DE EXPEDIENTE (MATERIAIS DE ESCRITÓRIO, PAPELARIA E INFORMÁTICA)",NULL,NULL,ADAO VALCIR TEODORO,Presidente da Câmara Municipal de Chapecó-SC
6077446,EXTR. DA HOMOLOGAÇÃO INEXIGIBILIDADE Nº19/2024,Homologação,19/2024,2024-06-12 10:13:17,NULL,Braço do Norte,Prefeitura municipal de Braço do Norte,Licitações,Inexigibilidade,NULL,19/2024,CONTRATAÇÃO DE SERVIÇOS DE PESSOA JURÍDICA/EMPRESA PARA O FORNECIMENTO DE VALE TRANSPORTE,NULL,NULL,ROBERTO KUERTEN MARCELINO,PREFEITO
6821175,HOMOLOGAÇÃO E ADJUDDCAÇÃO DISPENSA 05/2025/PMA,Homologação,05/2025,2025-01-28 15:10:16,NULL,Armazém,Prefeitura Municipal de Armazém,Licitações,Dispensa de Licitação,NULL,05/2025,"Contratação de empresa especializada para a confecção de agenda escolar personalizada para os alunos e pastas de arquivo com furo personalizada para atender a demanda da rede municipal de ensino do município de Armazém/SC, conforme especificações e anexos",NULL,NULL, Luiz Paulo Rodrigues Mendes,Prefeito Municipal
6266344,DISPENSA DE LICITAÇÃO Nº 11/2024,Homologação,11/2024,2024-08-01 09:20:32,NULL,Belmonte,Prefeitura municipal de Belmonte,Licitações,Dispensa de Licitação,Eletrônica,11/2024,EXAME DE ESPIROMETRIA COMPLETO,NULL,NULL,JAIR ANTONIO GIUMBELLI,Autoridade Competente
5437287,HOMOLOGAÇÃO 26-2023 FMS,Homologação,26/2023,2023-12-18 10:07:26,0D17F675B178487CF0F8CD3CBB3A836CB9B51E53,São João do Sul,Prefeitura municipal de São João do Sul,Licitações,Pregão,Eletrônica,26/2023,PRESTAÇÃO DE SERVIÇO MÉDICO DE CLÍNICO GERAL COM ESPECIALIZAÇÃO EM MEDICINA DE FAMILIA E COMUNIDADE PARA REALIZAÇÃO DE CONSULTAS MÉDICAS NA ATENÇÃO PRIMÁRIA. ATENDIMENTOS SERÃO REALIZADOS NAS ESFS DO MUNICÍPIO,NULL,NULL,NULL,NULL
6137501,EDITAL PROCESSO ADM. Nº 012-2024,Edital,012/2024,2024-06-28 16:45:06,NULL,Águas de Chapecó,Câmara de Vereadores de Águas de Chapecó,Licitações,Inexigibilidade,NULL,006/2024,"Contratação de empresa especializada para o fornecimento de 8 (oito) inscrições para o Evento denominado “Seminário Estadual de Vereadores e Servidores das Câmaras Municipais de Santa Catarina” promovido pela União dos Vereadores de Santa Catarina (UVESC), que acontecerá na capital estadual, Florianópolis/SC, nos dias 9 a 12 de julho próximos, em conformidade com o disposto na Lei Federal nº. 14.133, de 1º de abril de 2021.",NULL,NULL,GEBERTON ODIRLEI BERTOLDI,Presidente
4730689,TERMO DE HOMOLOGAÇÃO INEXIGIBILIDADE DE LICITAÇÃO 13/2023,Homologação, 69/2023,2023-04-14 16:06:04,82CA1168C4F0532EA7FF67118D7B72985F719EB7,Fraiburgo,Prefeitura municipal de Fraiburgo,Licitações,Inexigibilidade,NULL,13/2023,PALESTRA,NULL,NULL,NULL,NULL
6499464,INEXIGIBILIDADE Nº 064/2024/FMS,Inexigibilidade,064/2024,2024-10-08 15:42:59,NULL,Rio do Sul,Prefeitura municipal de Rio do Sul,Licitações,Inexigibilidade,NULL,064/2024,"LOCAÇÃO DE UMA SALA COMERCIAL NO BAIRRO SUMARÉ, DESTINADO AO FUNCIONAMENTO DE UMA UNIDADE BÁSICA DE SAÚDE, A FIM DE ATENDER AS NECESSIDADES DA SECRETARIA MUNICIPAL DE SAÚDE DE RIO DO SUL/SC",NULL,NULL,JOSÉ EDUARDO ROTHBARTH THOMÉ,Prefeito Municipal
3988664,RESULTADO DA ETAPA DAS AMOSTRAS 02 PROVA DE CONCEITO SQL TECNOLOGIA,Resultado,115/2022,2022-06-22 15:38:20,NULL,Palhoça,Prefeitura Municipal de Palhoça,Licitações,Pregão,Eletrônica,115/2022,"contratação de empresa especializada para prestação de serviços técnicos para atualização de cadastro, coleta de dados, fornecimento de Sistema de Informações Geográficas (SIG) corporativo para cessão de direito de uso, atualização das plantas de quadras existentes, treinamento e suporte técnico para a Secretaria Municipal da Fazenda do município de Palhoça - SC. ",NULL,www.palhoca.sc.gov.br,NULL,NULL
3828945,HOMOLOGAÇÃO TP N° 55/2022,Homologação,66/2022,2022-04-13 09:22:20,F7716803E2F3517E122FA8BC37A3E0D7B2E284C7,Araranguá,Prefeitura Municipal de Araranguá,Licitações,Tomada de Preços,NULL,55/2022,"CONTRATAÇÃO DE EMPRESA DO RAMO PERTINENTE OBJETIVANDO A EXECUÇÃO DE SERVIÇOS NECESSÁRIOS A PAVIMENTAÇÃO ASFÁLTICA DA AVENIDA BEIRA MAR (TRECHO 2) - PAIQUERÊ - ARARANGUÁ - SC, CUJAS ESPECIFICAÇÕES ENCONTRAM-SE DETALHADAS NO MEMORIAL DESCRITIVO, PLANILHA E PROJETOS.",NULL,NULL,CESAR ANTONIO CESA,PREFEITO MUNICIPAL
6390538,DISPENSA 19/2024,Dispensa,48/2024,2024-09-02 16:36:39,NULL,Palmeira,Prefeitura municipal de Palmeira,Licitações,Dispensa de Licitação,NULL, 19/2024,"CONTRATAÇÃO DE EMPRESA TÉCNICA ESPECIALIZADA EM CONFECÇÃO DE CAMISETAS, MOLETONS E RESPECTIVAS ARTES",NULL,NULL,Thaila Silveira,Agente de Contratação
4882718,REPUBLICACAO____PROC026__TRANSPORTE DE PACIENTES,Aviso de Licitação,026/2023,2023-06-14 08:38:18,NULL,Rio do Oeste,Prefeitura municipal de Rio do Oeste,Licitações,Pregão,Presencial,013/2023," Registro de Preços visando a contratação de serviço de transporte com UTI móvel para transporte de pacientes para consultas e exames SUS, conforme Termo de Referência descrito no Anexo I deste Edital",NULL,https://riodooeste.atende.net,Clovis Marco Rossa,Prefeito em exercício
6664390,LICITAÇÃO Nº 65/2024 - CONCORRÊNCIA,Adjucação,65/2024,2024-12-03 18:13:31,NULL,São Joaquim,Prefeitura municipal de São Joaquim,Licitações,Concorrência,NULL,21/2024,"Contratação de empresa para Ampliação da Escola de Educação Infantil Municipal Filomena Martorano Vieira Rodrigues, localizada no bairro Jardim Bandeira nesta municipalidade.",NULL,https://app2.licitardigital.com.br/pesquisa/47167,Giovani Nunes,Autoridade Competente
5154343,EXTRATO PROCESSO LICITATÓRIO Nº. 112/2020 INEXIGIBILIDADE DE LICITAÇÃO Nº. 19/2023,Dispensa,110/2023,2023-09-19 11:28:42,173CAA7CD071D3ED89002485791E7CB96F21C1FA,Jaborá,Prefeitura municipal de Jaborá,Licitações,Inexigibilidade,NULL,19/2023,"LOCAÇÃO DE SALA COMERCIAL, DESTINADO AO CONSELHO TUTELAR, LOCALIZADA A RUA 1º DE MAIO, Nº 81, SALA 01, NO MUNICÍPIO DE JABORÁ/SC.",NULL,NULL,ADRIEL VITORINO MATIOLO,Agente de Contratação
4048124,RESULTADO PP 185-2022 LOCAÇÃO VEÍCULO,Resultado,185/2022 ,2022-07-19 16:49:52,85C5CE3F2101B5A8A7923605864C3419C7B6103D,Palhoça,Prefeitura Municipal de Palhoça,Licitações,Pregão,Presencial, 185/2022,"Contratação e Empresa para prestação de serviço de locação de veículos automotivos, do tipo caminhonete picape para atender a demanda da Fundação do Meio Ambiente do Município de Palhoça – SC. ",NULL,NULL,NULL,NULL
4903190,PUBLICAÇÃO DE EDITAL DE CONCORRÊNCIA ELETRÔNICA Nº PMC 03/2023,Edital,03/2023 ,2023-06-22 08:50:23,8960DBB486F40820C3A9737CAF08D23C79723401,Canoinhas,Prefeitura municipal de Canoinhas,Licitações,Concorrência,NULL,03/2023,"CONTRATAÇÃO DE EMPRESA ESPECIALIZADA DE ENGENHARIA PARA A EXECUÇÃO DA RECEPÇÃO GERAL DA PREFEITURA MUNICIPAL DE CANOINHAS, SITUADA NA RUA FELIPE SCHIMIDT, CENTRO, COM O FORNECIMENTO DE TODO O MATERIAL E MÃO DE OBRA NECESSÁRIA",2023-07-11T09:00,www.pmc.sc.gov.br,Rafael Rottili Roeder,Secretária de Planejamento
4208874,3ª ATA PR 48/2022,Ata de Recebimento e Abertura,69/2022,2022-09-26 07:46:41,35F6E487B938D3F2CC4029ABCF6C15D616B6112F,Agronômica,Prefeitura Municipal de Agronômica,Licitações,Pregão,Eletrônica,48/2022,"REGISTRO DE PREÇOS PARA EVENTUAL CONTRATAÇÃO DE EMPRESA ESPECIALIZADA NA PRESTAÇÃO DE SERVIÇO DE LOCAÇÃO DE HORAS DE MÁQUINAS PARA A PREFEITURA MUNICIPAL DE AGRONÔMICA, CONFORME EDITAL E ANEXOS. ",NULL,NULL,GABRIELA CAROLINA DA SILVA,Pregoeiro
5474826,230.2023 HOMOLOGAÇÃO,Homologação,230/2023,2024-01-02 14:15:53,NULL,Tunápolis,Prefeitura municipal de Tunápolis,Licitações,Dispensa de Licitação,NULL,49/2023,"A presente dispensa tem por objeto o repasse do custeio administrativo mensal para manutenção do Consórcio, bem como as despesas administrativas correspondentes à prestação de serviços de estruturação do Serviço de Inspeção Municipal, padronização, preparação e acompanhamento de estabelecimentos indicados para o SISBI/SUASA/POA para o exercício financeiro de 2024.",NULL,NULL,Marino Jose Frey,PREFEITO MUNICIPAL
5785843,PREGAO PRESENCIAL 08/2024/PMTM,Errata,08/2024,2024-03-22 13:30:10,6C30C807044B25E8155F3507EB1AAF11E69A5040,Treze de Maio,Prefeitura municipal de Treze de Maio,Licitações,Pregão,Presencial,08/2024,"aquisição parcelada de materiais de consumo, higiene e limpeza para escolas e secretarias municipais",NULL,https://www.trezedemaio.sc.gov.br/,Volnei Fregnani,Pregoeiro
6310166,AVISO DE LICITAÇÃO N° 121/2024,Aviso de licitação,121/2024 ,2024-08-13 17:28:18,98D60336EEA1964A14BB7CA807492A58956789D6,Araranguá,Prefeitura Municipal de Araranguá,Licitações,Pregão,Eletrônica,121/2024,"aquisição, sob demanda, de gêneros alimentícios para atender as demandas dos diversos setores da Prefeitura Municipal de Araranguá, Secretaria de Assistência Social, Secretaria de Saúde, Convênio DEAP e Corpo de Bombeiros Militar de Araranguá/SC, de acordo com as especificações técnicas constantes do Termo de Referência (Anexo I)",2024-08-27T09:00,www.ararangua.sc.gov.br,Volnei Roniel Bianchin da Silva ,Secretário de Administração
6831702,DISPENSA DE LICITAÇÃO 04 2025 - AQUISIÇÃO DE CARIMBOS,Dispensa,07/2025,2025-01-30 16:54:59,NULL,Petrolândia,Prefeitura municipal de Petrolândia,Licitações,Dispensa de Licitação,NULL,04/2025,"AQUISIÇÃO DE CARIMBOS AUTOMÁTICOS, PARA ATENDER AS NECESSIDADES DOS NOVOS GESTORES DA ADMINISTRAÇÃO PÚBLICA DO MUNICÍPIO DE PETROLÂNDIA/SC",NULL,NULL,RODRIGO DE SOUZA,Prefeito Municipal
5444565,AVISO DE LICITAÇÃO - PREGÃO ELETRÔNICO N° 055/2023,Aviso de licitação,625/2023,2023-12-19 16:12:54,56C59920DDA28A94E112CEDA89FA4BFE8CA21DBF,Caibi,Prefeitura municipal de Caibi,Licitações,Pregão,Eletrônica,055/2023,"REGISTRO DE PREÇOS, PARA FUTURO E EVENTUAL FORNECIMENTO E INSTALAÇÃO DE PISO MODULAR, CONFORME ESPECIFICAÇÕES E DETALHAMENTOS CONSTANTES NO TERMO DE REFERÊNCIA, PARA INSTALAÇÃO NOS GINÁSIOS MUNICIPAIS POLIESPORTIVOS DO MUNICÍPIO DE CAIBI–SC.",2024-01-11T08:01,www.portaldecompraspublicas.com.br,EDER PICOLI,Prefeito
4603603,HOMOLOGAÇÃO EDITAL N° 2/2023,Homologação,254/2022,2023-02-28 14:12:58,58BCCF9E49F35BDB907761FA4A518088C7E91506,Araranguá,Prefeitura Municipal de Araranguá,Licitações,Pregão,Eletrônica,2/2023,"ESTUDOS TECNICOS PARA CONCESSÃO DOS SERVIÇOS FUNERÁRIOS NO MUNICÍPIO DE ARARANGUÁ - SC ESTUDOS TECNICOS PARA CONCESSÃO DE BOX DO COMÉRCIO POPULAR DE ARARANGUÁ (CAMELÓDROMO) ESTUDOS TECNICOS PARA CONCESSÃO DE SERVIÇOS DE GUARDA DE VEÍCULOS REMOVIDOS, APREENDIDOS, RECOLHIDOS E RETIRADOS DE CIRCULAÇÃO PELOS ÓRGÃOS COMPETENTES",NULL,NULL,CESAR ANTONIO CESA,PREFEITO MUNICIPAL
5455258,EXTRATO DE RATIFICAÇÃO DE DISPENSA DE LICITAÇÃO Nº 8/2023,Ratificação,8/2023,2023-12-21 16:04:21,429B36C2C6FF7AD7A58444F1E13A94F0A3815DB4,Lindóia do Sul,Prefeitura municipal de Lindóia do Sul,Licitações,Dispensa de Licitação,NULL,8/2023,Contratação de Serviços de fornecimento e distribuição de energia elétrica.,NULL,NULL,Neudi Angelo Bertol,Prefeito Municipal 
5418895,PL_127_IN_021_ALUGUEL CONSELHO TUTELAR,Ratificação,127/2023,2023-12-12 13:16:58,3F647762549A06060C9D255B025D7022F5BDC338,Otacílio Costa,Prefeitura municipal de Otacílio Costa,Licitações,Inexigibilidade,NULL,021/2023,"Inexigibilidade de Licitação (art. 74, inc. V, da lei 14.133/2021), para locação de imóvel de propriedade da Sra. Silvana Pereira de Jesus, com endereço na rua Armando Pereira de Souza, 60, bairro Poço Rico, para funcionamento da sede do Conselho Tutelar.O valor da locação é de R$ 1.500,00(mil e quinhentos reais) mensais;",NULL,NULL,Fabiano Baldessar de Souza,Prefeito Municipal
4786174,TERMO DE HOMOLOGAÇÃO E ADJUDICAÇÃO DE PROCESSO LICITATÓRIO 42/2023 CORRETO,Homologação,42/2023,2023-05-15 15:18:00,12DA9E39634A769EC9D061112B4D6790C5C836F1,Ponte Serrada,Prefeitura municipal de Ponte Serrada,Licitações,Pregão,Presencial,26/2023,REGISTRO DE PREÇO PARA CONTRATAÇÃO DE EMPRESA PARA A CONSTRUÇÃO DE 300m METROS DE CERCAS PARA O PARQUE DA FEIRA CONFORME SOLICITAÇÃO DA SECRETARIA DE AGRICULTURA.,NULL,NULL,NULL,NULL
6413829,LICITAÇÃO Nº 44/2024 - CONCORRÊNCIA,Aviso de licitação,44/2024,2024-09-09 18:20:35,NULL,São Joaquim,Prefeitura municipal de São Joaquim,Licitações,Concorrência,NULL,14/2024,"Contratação de empresa para pavimentação em lajota sextavada de concreto e drenagem pluvial nos trechos das ruas: Francisco Assis de Bem – Trecho 2, Aristides Afonso Ribeiro Bathke, Francilicio Pinto de Arruda, Dom Pedro II, Eurico Gaspar Dutra, Joaquim Assis Neves da Rosa, Sebastião P. Cunha Mattos, Alfredo Luenemberg, Francisco Zeferino Matos, Noemi Martorano, Emília Vieira Rodrigues, Sebastião Tomaz de Souza, José Américo e José Assis Martorano, em São Joaquim – SC. Através do Contrato FINISA 0602014-13/2022, Emendas Parlamentares nº09032022-016124 e 09032022-020035",2024-09-25T09:30,https://app2.licitardigital.com.br/pesquisa/42001.,Jaison Comin Lima,Autoridade Competente
6351102,PROCESSO Nº260/2024 DISPENSA POR LIMITE 183/2024,Dispensa,260/2024,2024-08-22 15:01:09,NULL,Nova Itaberaba,Prefeitura municipal de Nova Itaberaba,Licitações,Dispensa de Licitação,NULL,183/2024,"Aquisição de 270 kg de bolo recheado com duas camadas, com pão de ló branco, recheio sabor doce de leite trufado com chocolate e brigadeiro de leite ninho, cobertura de chantilly. Sendo que este bolo deverá ser personalizado com a numeração 33 referente ao aniversário de Emancipação Político Administrativa, desta maneira determino o empenho ",NULL,NULL,IVANIR JOSÉ POSSEBON,Prefeito Municipal
3996869,TERMO DE HOMOLOGAÇÃO PREGÃO ELETRÔNICO Nº 038/2022,Homologação,111/2022,2022-06-27 13:52:51,85AE7E441A895813F5ADC1DE5701B5302A7DD1B2,Herval d'Oeste,Prefeitura municipal de Herval d'Oeste,Licitações,Pregão,Eletrônica,38/2022,Registro de Preços para a eventual e/ou futura Aquisição de Roupas de Cama (Edredom; Lençol; Travesseiro; Fronhas; Cobertor) e Colchões (Colchonetes); incluindo o serviço de entrega(s) no(s) local(is) á serem designado(s) pelas Secretarias Municipais.,NULL,NULL,MAURO SERGIO MARTINI,Prefeito Municipal
6235178,TERMO DE HOMOLOGAÇÃO E ADJUDICAÇÃO - PREGÃO ELETRÔNICO 46/2024,Homologação,46/2024,2024-07-24 10:21:32,NULL,Campo Alegre,Prefeitura municipal de Campo Alegre,Licitações,Pregão,Eletrônica,46/2024,Registro de Preço para Aquisição de Produtos Químicos para tratamento da água na Estação de Tratamento de Água Municipal.,NULL,NULL,ELEONORA BAHR PESSÔA,SECRETÁRIA
4651987,PREGÃO PRESENCIAL 077/2023 - AVISO,Aviso de licitação,077/2023,2023-03-14 17:52:23,3547D7D1ED6498D81A466FE2426397A7E85E66F7,Palhoça,Prefeitura Municipal de Palhoça,Licitações,Pregão,Presencial,077/2023,"Contratação de licenças do software AUTOCAD LT, através de aquisição e renovação de licenciamento devido ao corpo técnico da Prefeitura já possuir licenças da AutoCAD, e devido ao término da licença, é necessário a contratação de renovação com a finalidade de dar continuidade dos trabalhos voltados para equipe de engenharia. ",2023-03-27T14:00,http://palhoca.atende.net,EDUARDO HENRIQUE MACHADO SATO ,PREGOEIRO
6014339,ANULAÇÃO PL 73.2024 PE 73.2024 BLOCOS DE CONCRETO TIPO MURO FLOR,Anulação,73/2024,2024-05-28 16:55:27,6478A18F374092C3BE47EB52FFFA5D6EA89679D9,São João do Oeste,Prefeitura Municipal de São João do Oeste,Licitações,Pregão,Eletrônica,73/2024,"Registro de preços para eventual e futura aquisição de blocos em concreto, tipo muro flor, para as necessidades do Munícipio de São João do Oeste/SC.",NULL,NULL,GENÉSIO MARINO ANTON,Prefeito Municipal
6568766,RATIFICAÇÃO - DISPENSA POR LIMITE ELETRÔNICA 1059/2024,Ratificação,1175/2024,2024-10-30 13:13:03,8435332C51511000CC7A8F5262FF63C45FC3061E,Caibi,Prefeitura municipal de Caibi,Licitações,Dispensa de Licitação,NULL,1059/2024,"CONTRATAÇÃO DE EMPRESA ESPECIALIZADA PARA SERVIÇO DE LOCAÇÃO DE IMPRESSORA A LASER, INCLUINDO INSTALAÇÃO, ASSISTÊNCIA TÉCNICA, MANUTENÇÃO PREVENTIVA, MANUTENÇÃO CORRETIVA DO EQUIPAMENTO, FORNECIMENTO DE PEÇAS E DE TODO O MATERIAL DE CONSUMO, EXCETO PAPEL, PARA ATENDER A DEMANDA DO FUNDO MUNICIPAL DA SAÚDE.",NULL,http://www.caibi.sc.gov.br,EDER PICOLI,Prefeito
4948561,TERMO DE HOMOLOGAÇÃO E ADJUDICAÇÃO DE PROCESSO LICITATÓRIO 66/2023,Homologação,66/2023,2023-07-11 08:01:27,D45BA6CAC5C82C1E41E92008AB56319CD6B8E2B3,Ponte Serrada,Prefeitura municipal de Ponte Serrada,Licitações,Pregão,Presencial,45/2023,"CONTRATAÇÃO DE EMPRESA ESPECIALIZADA PARA PRESTAÇÃO DE SERVIÇOS DE MÃO DE OBRA, PARA CONSERTOS DE CALÇAMENTOS DE PEDRAS IRREGULARES, NAS VIAS PÚBLICAS DO MUNICÍPIO DE PONTE SERRADA",NULL,NULL,NULL,NULL
4607275,DISPENSA DE LICITAÇÃO Nº 07/2023,Dispensa,07/2023,2023-03-01 14:48:19,184E2143811DBDEB4DFCFB1D4C9E7BBFA71A6567,Coronel Freitas,Prefeitura municipal de Coronel Freitas,Licitações,Dispensa de Licitação,NULL,07/2023,"CONTRATAÇÃO DO SERVIÇO SOCIAL DA INDÚSTRIA/SESI, PARA MINISTRAR CURSOS E OFICINAS POR HORA/AULA DO PROGRAMA ARTE E CIDADANIA DO DEPARTAMENTO DE CULTURA DO MUNICÍPIO DE CORONEL FREITAS/SC.",NULL,NULL,HENRIQUE FAVARETTO,Prefeito Municipal em Exercício 
5812372,AVISO DE PUBLICAÇÃO DE EDITAL PREGÃO 30/2024,Aviso de Licitação,95/2024,2024-04-01 21:07:54,NULL,Timbó Grande,Prefeitura municipal de Timbó Grande,Licitações,Pregão,Presencial,30/2024,"CONCESSÃO DE USO de 03 (três) anos, do Quiosque localizado no PRAÇA DO CONTESTADO, no Município de Timbó Grande para PESSOA FÍSICA ou JURÍDICA, para exploração e comércio de bebidas e comidas (lanchonete, bar ou similar).",2024-04-18T09:30,NULL,Valdir Cardoso dos Santos,Prefeito Municipal
5472822,AVISO DE DISPENSA DE LICITAÇÃO Nº 011/2023,Aviso de Licitação,011/2023,2023-12-29 18:32:21,NULL,São Martinho,Prefeitura municipal de São Martinho,Licitações,Dispensa de Licitação,NULL,011/2023,"Contratação de empresa pública, com personalidade jurídica de direito privado, para prestação de serviço de Assistência Técnica e Extensão Rural, com fundamentação legal no inciso VIII, do artigo 24 da Lei n. ",NULL,www.saomartinho.sc.gov.br,Robson Jean Back,Prefeito Municipal
5073276,MINUTA EDITAL DE PREGÃO 103.2023 - PMGBA - REGISTRO DE PREÇOS PARA AQUISIÇÃO DE MATERIAIS DE CAMA PARA AS CRECHES MUNICIPAIS,Edital,143/2023,2023-08-18 16:13:31,2E3599B0AF985B1FF56E6834DB4AA8FF2A40F6C8,Guaraciaba,Prefeitura municipal de Guaraciaba,Licitações,Pregão,Presencial,103/2023,"REGISTRO DE PREÇOS PARA AQUISIÇÃO DE MATERIAIS (MANTA INFANTIL ANTIALÉRGICA MEDINDO 1,10 MTS X 1,40MTS, TRAVESSEIRO INFANTIL, EDREDOM ESTAMPADO DUPLA FACE,...) DESTINADOS PARA ATENDER AS NECESSIDADES DAS CRECHES DA REDE MUNICIPAL DE ENSINO DO MUNICÍPIO DE GUARACIABA/SC.",2023-08-30T08:00,https://guaraciaba.atende.net,Vandecir Dorigon,Prefeito Municipal
6323537,PROCESSO N. 176/2024 DISPENSA DE LICITAÇÃO N. 78/2024,Dispensa,176/2024,2024-08-16 09:24:17,NULL,Ponte Serrada,Prefeitura municipal de Ponte Serrada,Licitações,Dispensa de Licitação,NULL,78/2024,"Contratação da empresa para aquisição de baterias automotivas 60 (sessenta) amperes para manutenção dos veículos: Palio placa MLG3658, Nissan Versa placa QJF3087 e Fiat Fiesta placa KMK 7481, conforme especificado neste, no Estudo Técnico Preliminar, Termo de Referência e demais documentos, de acordo com as necessidades da Secretaria Municipal de Administração Ponte Serrada/SC.",NULL,NULL,ALCEU ALBERTO WRUBEL,Prefeito Municipal
6455525,AVISO DE INEXIGIBILIDADE DE LICITAÇÃO N° 144/2024,Aviso de Licitação,144/2024,2024-09-24 14:18:52,NULL,Araranguá,Prefeitura Municipal de Araranguá,Licitações,Inexigibilidade,NULL,144/2024,"Aquisição de gêneros alimentícios diretamente da agricultura Familiar e empreendedor familiar rural ou suas organizações, destinados ao Programa Nacional de Alimentação Escolar - PNAE, para atender as unidades de ensino da Rede Municipal, nos moldes do Artigo 21 da LEI Nº. 11.947/2009 e nas resoluções FNDE relativas ao PNAE, Decreto n°11572 de 30 de janeiro de 2024 - Regulamento de Licitações e Contratos Administrativos do Município de Araranguá/SC e Decreto n° 11586/2024 e na Lei Federal 14.133/2021.",2024-10-10T10:00,www.ararangua.sc.gov.br,Volnei Roniel Bianchin da Silva ,Secretário de Administração
6089552,RAZÃO DA ESCOLHA DO CONTRATADO DL 028-2024,Dispensa,056/2024,2024-06-14 16:32:16,NULL,Salto Veloso,Prefeitura Municipal de Salto Veloso,Licitações,Dispensa de Licitação,NULL,028/2024,"Contratação de empresa especializada para manutenção do equipamento, trator cortador de grama da Secretaria de Transportes, Obras e Urbanismo de acordo com as especificações do termo de referência.",NULL,NULL,DÉBORA BARONCHELLO ANSILIERO,Agente de Contratação